{
    "logistic": {
        "accuracy": 0.6948051948051948,
        "precision": 0.5571428571428572,
        "recall": 0.7090909090909091,
        "f1_score": 0.624
    },
    "random_forest": {
        "accuracy": 0.7272727272727273,
        "precision": 0.6140350877192983,
        "recall": 0.6363636363636364,
        "f1_score": 0.625
    },
    "xgboost": {
        "accuracy": 0.7012987012987013,
        "precision": 0.5616438356164384,
        "recall": 0.7454545454545455,
        "f1_score": 0.640625
    }
}