{
    "logistic": {
        "accuracy": 0.8833333333333333,
        "precision": 0.8148148148148148,
        "recall": 0.9166666666666666,
        "f1_score": 0.8627450980392157
    },
    "random_forest": {
        "accuracy": 0.85,
        "precision": 0.8,
        "recall": 0.8333333333333334,
        "f1_score": 0.8163265306122449
    },
    "xgboost": {
        "accuracy": 0.8,
        "precision": 0.6875,
        "recall": 0.9166666666666666,
        "f1_score": 0.7857142857142857
    }
}