{
    "logistic": {
        "accuracy": 0.8666666666666667,
        "precision": 0.8666666666666667,
        "recall": 0.8666666666666667,
        "f1_score": 0.8666666666666667
    },
    "random_forest": {
        "accuracy": 0.85,
        "precision": 0.8514285714285715,
        "recall": 0.85,
        "f1_score": 0.8504742742167289
    },
    "xgboost": {
        "accuracy": 0.8333333333333334,
        "precision": 0.84375,
        "recall": 0.8333333333333334,
        "f1_score": 0.834841628959276
    }
}