{
    "logistic": {
        "accuracy": 0.7504892367906066,
        "precision": 0.16838487972508592,
        "recall": 0.7903225806451613,
        "f1_score": 0.2776203966005666
    },
    "random_forest": {
        "accuracy": 0.9393346379647749,
        "precision": 0.0,
        "recall": 0.0,
        "f1_score": 0.0
    },
    "xgboost": {
        "accuracy": 0.9227005870841487,
        "precision": 0.22580645161290322,
        "recall": 0.11290322580645161,
        "f1_score": 0.15053763440860216
    }
}